{
  "project_info": {
    "project_number": "1067918204859",
    "firebase_url": "https://e-carrentums-default-rtdb.asia-southeast1.firebasedatabase.app",
    "project_id": "e-carrentums",
    "storage_bucket": "e-carrentums.appspot.com"
  },
  "client": [
    {
      "client_info": {
        "mobilesdk_app_id": "1:1067918204859:android:86bcace101512ec0712e9e",
        "android_client_info": {
          "package_name": "com.tryapp.myapplication3.e_carrentums"
        }
      },
      "oauth_client": [
        {
          "client_id": "1067918204859-6h3c3hno8rdgi32ic9d6jhu5hqfeqmom.apps.googleusercontent.com",
          "client_type": 3
        }
      ],
      "api_key": [
        {
          "current_key": "AIzaSyBl8VwMtHk3Eblht0wFrudhumVPGBhjUkM"
        }
      ],
      "services": {
        "appinvite_service": {
          "other_platform_oauth_client": [
            {
              "client_id": "1067918204859-6h3c3hno8rdgi32ic9d6jhu5hqfeqmom.apps.googleusercontent.com",
              "client_type": 3
            }
          ]
        }
      }
    }
  ],
  "configuration_version": "1"
}